"source_row_id","fips_state","state_name","ratio_black_white_uninsured","diff_black_white_uninsured"
"1","01","Alabama",1.6015625,7.699999809265137
"10","01","Alabama",1.383838415145874,3.8000001907348633
"11","01","Alabama",1.3932584524154663,3.5
"12","01","Alabama",1.2978724241256714,2.8000001907348633
"13","01","Alabama",1.3039215803146362,3.1000003814697266
"14","01","Alabama",1.2999999523162842,3.0
"15","01","Alabama",1.313725471496582,3.1999998092651367
"16","01","Alabama",1.2899999618530273,2.8999996185302734
"2","01","Alabama",1.618644118309021,7.300000190734863
"3","01","Alabama",1.2985074520111084,4.0
"4","01","Alabama",1.4772727489471436,6.300000190734863
"5","01","Alabama",1.4420288801193237,6.09999942779541
"6","01","Alabama",1.3884892463684082,5.399999618530273
"7","01","Alabama",1.4728682041168213,6.100000381469727
"8","01","Alabama",1.4060150384902954,5.40000057220459
"9","01","Alabama",1.3305784463882446,4.0
"17","02","Alaska",1.5414013862609863,8.500000953674316
"18","02","Alaska",1.5668790340423584,8.90000057220459
"19","02","Alaska",1.4620252847671509,7.300000190734863
"20","02","Alaska",1.3611111640930176,6.5
"21","02","Alaska",1.573170781135559,9.399999618530273
"22","02","Alaska",1.5178571939468384,8.700000762939453
"23","02","Alaska",1.4488636255264282,7.899999618530273
"24","02","Alaska",1.6124999523162842,9.799999237060547
"25","02","Alaska",1.7122302055358887,9.899999618530273
"26","02","Alaska",1.643478274345398,7.399999618530273
"27","02","Alaska",1.5420560836791992,5.800000190734863
"28","02","Alaska",1.4537036418914795,4.899999618530273
"29","02","Alaska",1.532710313796997,5.699999809265137
"30","02","Alaska",1.5212767124176025,4.90000057220459
"31","02","Alaska",1.5825241804122925,5.999999046325684
"32","02","Alaska",1.4242424964904785,4.200000762939453
"33","04","Arizona",1.6363637447357178,8.40000057220459
"34","04","Arizona",1.6090224981307983,8.09999942779541
"35","04","Arizona",1.3333333730697632,4.30000114440918
"36","04","Arizona",1.3235293626785278,4.399999618530273
"37","04","Arizona",1.2857142686843872,3.8000001907348633
"38","04","Arizona",1.4436091184616089,5.90000057220459
"39","04","Arizona",1.2797201871871948,3.9999990463256836
"40","04","Arizona",1.326241135597229,4.600000381469727
"41","04","Arizona",1.2181817293167114,2.3999996185302734
"42","04","Arizona",1.3544303178787231,2.799999713897705
"43","04","Arizona",1.3199999332427979,2.3999996185302734
"44","04","Arizona",1.2195122241973877,1.8000001907348633
"45","04","Arizona",1.402438998222351,3.3000001907348633
"46","04","Arizona",1.3678160905838013,3.1999998092651367
"47","04","Arizona",1.454545497894287,4.0
"48","04","Arizona",1.3780487775802612,3.1000003814697266
"49","05","Arkansas",1.5028902292251587,8.700000762939453
"50","05","Arkansas",1.5147929191589355,8.700000762939453
"51","05","Arkansas",1.149171233177185,2.6999988555908203
"52","05","Arkansas",1.146067500114441,2.6000003814697266
"53","05","Arkansas",1.213114857673645,3.9000015258789062
"54","05","Arkansas",1.1657458543777466,3.0
"55","05","Arkansas",1.1931817531585693,3.3999996185302734
"56","05","Arkansas",1.1999999284744263,3.3999996185302734
"57","05","Arkansas",1.1916667222976685,2.3000001907348633
"58","05","Arkansas",1.2150537967681885,2.0
"59","05","Arkansas",1.1265822649002075,0.9999995231628418
"60","05","Arkansas",1.2077922821044922,1.6000003814697266
"61","05","Arkansas",1.2692307233810425,2.09999942779541
"62","05","Arkansas",1.1648352146148682,1.5
"63","05","Arkansas",1.267441749572754,2.299999237060547
"64","05","Arkansas",1.2247191667556763,2.0
"65","06","California",1.5934959650039673,7.300000190734863
"66","06","California",1.5593219995498657,6.59999942779541
"67","06","California",1.412280797958374,4.700000762939453
"68","06","California",1.4628099203109741,5.600000381469727
"69","06","California",1.3571428060531616,4.5
"70","06","California",1.296875,3.8000001907348633
"71","06","California",1.330708622932434,4.199999809265137
"72","06","California",1.3770490884780884,4.59999942779541
"73","06","California",1.2558139562606812,2.1999998092651367
"74","06","California",1.2678571939468384,1.5
"75","06","California",1.3191488981246948,1.5
"76","06","California",1.3125,1.5
"77","06","California",1.3600000143051147,1.8000001907348633
"78","06","California",1.2307692766189575,1.200000286102295
"79","06","California",1.54347825050354,2.5
"80","06","California",1.4772727489471436,2.0999999046325684
"81","08","Colorado",1.671875,8.59999942779541
"82","08","Colorado",1.7063491344451904,8.899999618530273
"83","08","Colorado",1.4580152034759521,6.0
"84","08","Colorado",1.4919354915618896,6.100000381469727
"85","08","Colorado",1.5303031206130981,7.000000953674316
"86","08","Colorado",1.4186046123504639,5.399999618530273
"87","08","Colorado",1.4560000896453857,5.700000762939453
"88","08","Colorado",1.3739837408065796,4.59999942779541
"89","08","Colorado",1.4047620296478271,3.40000057220459
"90","08","Colorado",1.365079402923584,2.3000001907348633
"91","08","Colorado",1.2586207389831543,1.5
"92","08","Colorado",1.2857142686843872,1.8000001907348633
"93","08","Colorado",1.4126982688903809,2.59999942779541
"94","08","Colorado",1.3571428060531616,2.5
"95","08","Colorado",1.5833333730697632,4.199999809265137
"96","08","Colorado",1.453125,2.9000000953674316
"100","09","Connecticut",1.7162162065505981,5.299999713897705
"101","09","Connecticut",1.8472223281860352,6.100000381469727
"102","09","Connecticut",1.746478796005249,5.299999713897705
"103","09","Connecticut",1.8133333921432495,6.100000381469727
"104","09","Connecticut",1.7662338018417358,5.90000057220459
"105","09","Connecticut",1.654545545578003,3.6000003814697266
"106","09","Connecticut",1.9285715818405151,3.90000057220459
"107","09","Connecticut",1.675675630569458,2.499999761581421
"108","09","Connecticut",1.7073171138763428,2.9000000953674316
"109","09","Connecticut",1.7948718070983887,3.0999999046325684
"110","09","Connecticut",1.4999998807907104,2.3999996185302734
"111","09","Connecticut",1.7428570985794067,2.5999999046325684
"112","09","Connecticut",1.7837837934494019,2.8999998569488525
"97","09","Connecticut",2.0487804412841797,8.59999942779541
"98","09","Connecticut",1.8354430198669434,6.599999904632568
"99","09","Connecticut",1.7123286724090576,5.199999809265137
"113","10","Delaware",1.6100000143051147,6.100000381469727
"114","10","Delaware",1.6489362716674805,6.100000381469727
"115","10","Delaware",1.5730338096618652,5.100000381469727
"116","10","Delaware",1.40625,3.8999996185302734
"117","10","Delaware",1.318681240081787,2.8999996185302734
"118","10","Delaware",1.4470587968826294,3.8000001907348633
"119","10","Delaware",1.3333332538604736,2.6999998092651367
"120","10","Delaware",1.2359551191329956,2.1000003814697266
"121","10","Delaware",1.3661972284317017,2.5999999046325684
"122","10","Delaware",1.3207546472549438,1.6999998092651367
"123","10","Delaware",1.3799999952316284,1.9000000953674316
"124","10","Delaware",1.2608696222305298,1.200000286102295
"125","10","Delaware",1.269230842590332,1.4000000953674316
"126","10","Delaware",1.3387097120285034,2.1000003814697266
"127","10","Delaware",1.3728814125061035,2.200000286102295
"128","10","Delaware",1.185185194015503,1.0
"129","11","District of Columbia",1.8205127716064453,6.399999618530273
"130","11","District of Columbia",1.6399999856948853,4.800000190734863
"131","11","District of Columbia",1.6730769872665405,3.5
"132","11","District of Columbia",1.851063847541809,4.0
"133","11","District of Columbia",1.5862067937850952,3.3999996185302734
"134","11","District of Columbia",1.893617033958435,4.199999809265137
"135","11","District of Columbia",1.7619048357009888,3.200000286102295
"136","11","District of Columbia",1.7777777910232544,3.5
"137","11","District of Columbia",1.90625,2.8999998569488525
"138","11","District of Columbia",1.7916666269302368,1.9000000953674316
"139","11","District of Columbia",1.9090907573699951,1.999999761581421
"140","11","District of Columbia",1.6799999475479126,1.6999998092651367
"141","11","District of Columbia",2.222222328186035,2.200000047683716
"142","11","District of Columbia",1.8333332538604736,2.0
"143","11","District of Columbia",1.8181817531585693,1.7999999523162842
"144","11","District of Columbia",1.8636362552642822,1.8999998569488525
"145","12","Florida",1.5898876190185547,10.5
"146","12","Florida",1.5872092247009277,10.099998474121094
"147","12","Florida",1.437158465385437,8.0
"148","12","Florida",1.4759358167648315,8.899999618530273
"149","12","Florida",1.434554934501648,8.299999237060547
"150","12","Florida",1.378947377204895,7.200000762939453
"151","12","Florida",1.4340659379959106,7.899999618530273
"152","12","Florida",1.3636362552642822,6.799999237060547
"153","12","Florida",1.2687499523162842,4.299999237060547
"154","12","Florida",1.362204670906067,4.59999942779541
"155","12","Florida",1.2561982870101929,3.09999942779541
"156","12","Florida",1.2992125749588013,3.8000001907348633
"157","12","Florida",1.2692307233810425,3.5
"158","12","Florida",1.2878787517547607,3.8000001907348633
"159","12","Florida",1.317460298538208,4.0
"160","12","Florida",1.2400000095367432,3.0
"161","13","Georgia",1.7246376276016235,9.999999046325684
"162","13","Georgia",1.7443609237670898,9.90000057220459
"163","13","Georgia",1.442953109741211,6.600000381469727
"164","13","Georgia",1.5324676036834717,8.200000762939453
"165","13","Georgia",1.4417178630828857,7.200000762939453
"166","13","Georgia",1.4181817770004272,6.899999618530273
"167","13","Georgia",1.3624999523162842,5.799999237060547
"168","13","Georgia",1.4249999523162842,6.799999237060547
"169","13","Georgia",1.3941606283187866,5.40000057220459
"170","13","Georgia",1.3223140239715576,3.8999996185302734
"171","13","Georgia",1.2288135290145874,2.6999998092651367
"172","13","Georgia",1.2833333015441895,3.3999996185302734
"173","13","Georgia",1.21875,2.8000001907348633
"174","13","Georgia",1.1968504190444946,2.5
"175","13","Georgia",1.3471072912216187,4.19999885559082
"176","13","Georgia",1.2542372941970825,3.0
"177","15","Hawaii",1.571428656578064,4.40000057220459
"178","15","Hawaii",1.609375,3.9000000953674316
"179","15","Hawaii",1.1428571939468384,1.0
"180","15","Hawaii",1.1527777910232544,1.1000003814697266
"181","15","Hawaii",1.274999976158142,2.1999998092651367
"182","15","Hawaii",1.3943661451339722,2.799999713897705
"183","15","Hawaii",1.405797004699707,2.799999713897705
"184","15","Hawaii",1.3333332538604736,2.299999713897705
"185","15","Hawaii",1.3399999141693115,1.6999998092651367
"186","15","Hawaii",1.5128204822540283,2.0
"187","15","Hawaii",1.5151515007019043,1.7000000476837158
"188","15","Hawaii",1.2564102411270142,1.0
"189","15","Hawaii",1.5428571701049805,1.9000000953674316
"190","15","Hawaii",1.3589743375778198,1.4000000953674316
"191","15","Hawaii",1.5555555820465088,2.0
"192","15","Hawaii",1.0697673559188843,0.2999997138977051
"193","16","Idaho",1.4829931259155273,7.09999942779541
"194","16","Idaho",1.3698630332946777,5.399999618530273
"195","16","Idaho",1.2883436679840088,4.700000762939453
"196","16","Idaho",1.2108433246612549,3.5
"197","16","Idaho",1.365168571472168,6.5
"198","16","Idaho",1.2883436679840088,4.700000762939453
"199","16","Idaho",1.308176040649414,4.899999618530273
"200","16","Idaho",1.2909090518951416,4.799999237060547
"201","16","Idaho",1.358778476715088,4.69999885559082
"202","16","Idaho",1.3809523582458496,4.0
"203","16","Idaho",1.3195877075195312,3.1000003814697266
"204","16","Idaho",1.336734652519226,3.3000001907348633
"205","16","Idaho",1.3423422574996948,3.799999237060547
"206","16","Idaho",1.3211009502410889,3.5
"207","16","Idaho",1.457446813583374,4.300000190734863
"208","16","Idaho",1.5000001192092896,4.200000762939453
"209","17","Illinois",1.9082568883895874,9.899999618530273
"210","17","Illinois",1.7766989469528198,7.999999046325684
"211","17","Illinois",1.8526315689086914,8.100000381469727
"212","17","Illinois",1.9230769872665405,9.600000381469727
"213","17","Illinois",1.842592477798462,9.09999942779541
"214","17","Illinois",1.872549057006836,8.90000057220459
"215","17","Illinois",1.850000023841858,8.5
"216","17","Illinois",1.8799998760223389,8.799999237060547
"217","17","Illinois",1.8243242502212524,6.099999904632568
"218","17","Illinois",1.836734652519226,4.099999904632568
"219","17","Illinois",1.6382979154586792,3.0
"220","17","Illinois",1.5882353782653809,3.000000476837158
"221","17","Illinois",1.698113203048706,3.6999998092651367
"222","17","Illinois",1.627118706703186,3.700000286102295
"223","17","Illinois",1.7272727489471436,4.0
"224","17","Illinois",1.6603773832321167,3.5
"225","18","Indiana",1.5645161867141724,7.0
"226","18","Indiana",1.5398229360580444,6.09999942779541
"227","18","Indiana",1.355555534362793,4.799999237060547
"228","18","Indiana",1.4344826936721802,6.299999237060547
"229","18","Indiana",1.3116884231567383,4.80000114440918
"230","18","Indiana",1.3783783912658691,5.59999942779541
"231","18","Indiana",1.367347002029419,5.40000057220459
"232","18","Indiana",1.3379310369491577,4.899999618530273
"233","18","Indiana",1.3280000686645508,4.100000381469727
"234","18","Indiana",1.3265305757522583,3.1999998092651367
"235","18","Indiana",1.1904762983322144,1.6000003814697266
"236","18","Indiana",1.3902438879013062,3.1999998092651367
"237","18","Indiana",1.3855421543121338,3.1999998092651367
"238","18","Indiana",1.2258063554763794,2.09999942779541
"239","18","Indiana",1.2345678806304932,1.8999996185302734
"240","18","Indiana",1.2784810066223145,2.200000286102295
"241","19","Iowa",1.6597938537597656,6.40000057220459
"242","19","Iowa",1.5816326141357422,5.699999809265137
"243","19","Iowa",1.4444444179534912,4.0
"244","19","Iowa",1.6404495239257812,5.700000762939453
"245","19","Iowa",1.5263158082962036,5.0
"246","19","Iowa",1.4731181859970093,4.399999618530273
"247","19","Iowa",1.517241358757019,4.5
"248","19","Iowa",1.5764704942703247,4.899999618530273
"249","19","Iowa",1.5625,3.5999999046325684
"250","19","Iowa",1.957446813583374,4.5
"251","19","Iowa",1.6341463327407837,2.5999999046325684
"252","19","Iowa",1.45652174949646,2.0999999046325684
"253","19","Iowa",1.893617033958435,4.199999809265137
"254","19","Iowa",1.6458332538604736,3.0999999046325684
"255","19","Iowa",1.6122448444366455,3.0
"256","19","Iowa",1.5833332538604736,2.799999713897705
"257","20","Kansas",1.600000023841858,6.600000381469727
"258","20","Kansas",1.6727272272109985,7.399999618530273
"259","20","Kansas",1.6116504669189453,6.300000190734863
"260","20","Kansas",1.5798319578170776,6.899999618530273
"261","20","Kansas",1.5426356792449951,7.0
"262","20","Kansas",1.6347825527191162,7.299999237060547
"263","20","Kansas",1.5384615659713745,6.300000190734863
"264","20","Kansas",1.5263158082962036,6.0
"265","20","Kansas",1.7032966613769531,6.399999618530273
"266","20","Kansas",1.7179486751556396,5.59999942779541
"267","20","Kansas",1.6623377799987793,5.100000381469727
"268","20","Kansas",1.556962013244629,4.400000095367432
"269","20","Kansas",1.5443037748336792,4.299999713897705
"270","20","Kansas",1.585365891456604,4.800000190734863
"271","20","Kansas",1.4939758777618408,4.09999942779541
"272","20","Kansas",1.6785715818405151,5.700000762939453
"273","21","Kentucky",1.4109588861465454,6.0
"274","21","Kentucky",1.4509804248809814,6.90000057220459
"275","21","Kentucky",1.2887324094772339,4.09999942779541
"276","21","Kentucky",1.2903225421905518,4.5
"277","21","Kentucky",1.218181848526001,3.6000003814697266
"278","21","Kentucky",1.327044129371643,5.200000762939453
"279","21","Kentucky",1.2763158082962036,4.199999809265137
"280","21","Kentucky",1.2993630170822144,4.699999809265137
"281","21","Kentucky",1.3111110925674438,2.8000001907348633
"282","21","Kentucky",1.2539682388305664,1.5999999046325684
"283","21","Kentucky",1.2222222089767456,1.1999998092651367
"284","21","Kentucky",1.375,2.0999999046325684
"285","21","Kentucky",1.2881355285644531,1.6999998092651367
"286","21","Kentucky",1.3529411554336548,2.3999996185302734
"287","21","Kentucky",1.3333332538604736,2.09999942779541
"288","21","Kentucky",1.389830470085144,2.299999713897705
"289","22","Louisiana",1.600000023841858,11.100000381469727
"290","22","Louisiana",1.5683060884475708,10.400001525878906
"291","22","Louisiana",1.49685537815094,7.899999618530273
"292","22","Louisiana",1.5812499523162842,9.299999237060547
"293","22","Louisiana",1.4578313827514648,7.600000381469727
"294","22","Louisiana",1.4753085374832153,7.69999885559082
"295","22","Louisiana",1.4713376760482788,7.40000057220459
"296","22","Louisiana",1.4771242141723633,7.300000190734863
"297","22","Louisiana",1.507462739944458,6.80000114440918
"298","22","Louisiana",1.4636363983154297,5.100000381469727
"299","22","Louisiana",1.3125,3.0
"300","22","Louisiana",1.2692307233810425,2.09999942779541
"301","22","Louisiana",1.2368420362472534,1.799999713897705
"302","22","Louisiana",1.2470588684082031,2.1000003814697266
"303","22","Louisiana",1.4342105388641357,3.299999713897705
"304","22","Louisiana",1.2162162065505981,1.5999999046325684
"305","23","Maine",1.5794392824172974,6.199999809265137
"306","23","Maine",1.451923131942749,4.700000762939453
"307","23","Maine",1.110169529914856,1.3000001907348633
"308","23","Maine",1.0983606576919556,1.1999998092651367
"309","23","Maine",1.1779659986495972,2.09999942779541
"310","23","Maine",1.1984126567840576,2.5
"311","23","Maine",1.173553705215454,2.09999942779541
"312","23","Maine",1.213740348815918,2.799999237060547
"313","23","Maine",1.225000023841858,2.6999998092651367
"314","23","Maine",1.2929294109344482,2.90000057220459
"315","23","Maine",1.2268041372299194,2.1999998092651367
"316","23","Maine",1.2323232889175415,2.3000001907348633
"317","23","Maine",1.4489794969558716,4.399999618530273
"318","23","Maine",1.2142856121063232,2.09999942779541
"319","23","Maine",1.2584270238876343,2.3000001907348633
"320","23","Maine",1.2394366264343262,1.700000286102295
"321","24","Maryland",1.7943925857543945,8.500000953674316
"322","24","Maryland",1.7999999523162842,8.0
"323","24","Maryland",1.6904762983322144,5.800000190734863
"324","24","Maryland",1.6666667461395264,5.800000190734863
"325","24","Maryland",1.7073171138763428,5.800000190734863
"326","24","Maryland",1.587499976158142,4.699999809265137
"327","24","Maryland",1.653333306312561,4.899999618530273
"328","24","Maryland",1.644736886024475,4.900000095367432
"329","24","Maryland",1.6071429252624512,3.4000000953674316
"330","24","Maryland",1.7857143878936768,3.3000001907348633
"331","24","Maryland",1.558139443397522,2.3999996185302734
"332","24","Maryland",1.5813952684402466,2.5
"333","24","Maryland",1.8421052694320679,3.200000047683716
"334","24","Maryland",1.585365891456604,2.4000000953674316
"335","24","Maryland",1.725000023841858,2.9000000953674316
"336","24","Maryland",1.625,2.5
"337","25","Massachusetts",1.6883116960525513,5.300000190734863
"338","25","Massachusetts",1.6031745672225952,3.8000001907348633
"339","25","Massachusetts",1.6111111640930176,2.200000286102295
"340","25","Massachusetts",1.6842105388641357,2.6000001430511475
"341","25","Massachusetts",1.682926893234253,2.8000001907348633
"342","25","Massachusetts",1.736842155456543,2.799999952316284
"343","25","Massachusetts",1.6944444179534912,2.5
"344","25","Massachusetts",1.7058823108673096,2.4000000953674316
"345","25","Massachusetts",1.6896551847457886,2.0
"346","25","Massachusetts",1.5000001192092896,1.3000001907348633
"347","25","Massachusetts",1.56521737575531,1.2999999523162842
"348","25","Massachusetts",1.600000023841858,1.5
"349","25","Massachusetts",1.576923131942749,1.5
"350","25","Massachusetts",1.571428656578064,1.6000001430511475
"351","25","Massachusetts",1.6666666269302368,1.5999999046325684
"352","25","Massachusetts",1.8181817531585693,1.7999999523162842
"353","26","Michigan",1.7184466123580933,7.40000057220459
"354","26","Michigan",1.6470587253570557,6.59999942779541
"355","26","Michigan",1.414414405822754,4.59999942779541
"356","26","Michigan",1.3228346109390259,4.09999942779541
"357","26","Michigan",1.3538461923599243,4.600000381469727
"358","26","Michigan",1.4065040349960327,4.999999046325684
"359","26","Michigan",1.3884296417236328,4.69999885559082
"360","26","Michigan",1.5000001192092896,5.700000762939453
"361","26","Michigan",1.3888888359069824,3.5
"362","26","Michigan",1.328125,2.0999999046325684
"363","26","Michigan",1.321428656578064,1.8000001907348633
"364","26","Michigan",1.2727272510528564,1.5
"365","26","Michigan",1.2586207389831543,1.5
"366","26","Michigan",1.1904761791229248,1.1999998092651367
"367","26","Michigan",1.2931034564971924,1.6999998092651367
"368","26","Michigan",1.3396226167678833,1.799999713897705
"369","27","Minnesota",1.9358974695205688,7.300000190734863
"370","27","Minnesota",1.8875000476837158,7.100000381469727
"371","27","Minnesota",1.8227847814559937,6.499999523162842
"372","27","Minnesota",1.858823537826538,7.300000190734863
"373","27","Minnesota",1.8928571939468384,7.5
"374","27","Minnesota",1.8292683362960815,6.800000190734863
"375","27","Minnesota",1.746666669845581,5.600000381469727
"376","27","Minnesota",1.9466667175292969,7.100000381469727
"377","27","Minnesota",1.8846155405044556,4.600000381469727
"378","27","Minnesota",1.9736841917037964,3.700000047683716
"379","27","Minnesota",1.888888955116272,3.200000286102295
"380","27","Minnesota",1.6923075914382935,2.6999998092651367
"381","27","Minnesota",1.7179486751556396,2.799999713897705
"382","27","Minnesota",1.8444445133209229,3.8000001907348633
"383","27","Minnesota",1.6875,3.3000001907348633
"384","27","Minnesota",1.571428656578064,2.4000000953674316
"385","28","Mississippi",1.7025315761566162,11.09999942779541
"386","28","Mississippi",1.6582279205322266,10.40000057220459
"387","28","Mississippi",1.2814370393753052,4.69999885559082
"388","28","Mississippi",1.2555556297302246,4.600000381469727
"389","28","Mississippi",1.357954502105713,6.299999237060547
"390","28","Mississippi",1.325714349746704,5.700000762939453
"391","28","Mississippi",1.2941176891326904,5.0
"392","28","Mississippi",1.3630952835083008,6.100000381469727
"393","28","Mississippi",1.2857142686843872,4.199999809265137
"394","28","Mississippi",1.1742424964904785,2.3000001907348633
"395","28","Mississippi",1.2561982870101929,3.09999942779541
"396","28","Mississippi",1.2640000581741333,3.3000001907348633
"397","28","Mississippi",1.2903226613998413,3.6000003814697266
"398","28","Mississippi",1.1985293626785278,2.6999988555908203
"399","28","Mississippi",1.3083332777023315,3.6999998092651367
"400","28","Mississippi",1.2319999933242798,2.8999996185302734
"401","29","Missouri",1.5703125,7.300000190734863
"402","29","Missouri",1.568000078201294,7.100000381469727
"403","29","Missouri",1.4108527898788452,5.30000114440918
"404","29","Missouri",1.470588207244873,6.399999618530273
"405","29","Missouri",1.5441175699234009,7.399999618530273
"406","29","Missouri",1.5070422887802124,7.199999809265137
"407","29","Missouri",1.52482271194458,7.399999618530273
"408","29","Missouri",1.4744526147842407,6.500000953674316
"409","29","Missouri",1.5041322708129883,6.100000381469727
"410","29","Missouri",1.3557692766189575,3.700000762939453
"411","29","Missouri",1.3368420600891113,3.1999998092651367
"412","29","Missouri",1.4791666269302368,4.59999942779541
"413","29","Missouri",1.3300970792770386,3.3999996185302734
"414","29","Missouri",1.2252252101898193,2.5
"415","29","Missouri",1.3909090757369995,4.300000190734863
"416","29","Missouri",1.3529412746429443,3.6000003814697266
"417","30","Montana",1.3757225275039673,6.5
"418","30","Montana",1.4302325248718262,7.399999618530273
"419","30","Montana",1.3048127889633179,5.69999885559082
"420","30","Montana",1.2474747896194458,4.900001525878906
"421","30","Montana",1.5721924304962158,10.69999885559082
"422","30","Montana",1.4846938848495483,9.5
"423","30","Montana",1.5612244606018066,11.0
"424","30","Montana",1.581005573272705,10.399999618530273
"425","30","Montana",1.6283783912658691,9.300000190734863
"426","30","Montana",1.7377049922943115,9.000000953674316
"427","30","Montana",1.5747126340866089,5.0
"428","30","Montana",1.4891304969787598,4.5
"429","30","Montana",1.45652174949646,4.199999809265137
"430","30","Montana",1.5,4.5
"431","30","Montana",1.59183669090271,5.800000190734863
"432","30","Montana",1.538461446762085,4.899999618530273
"433","31","Nebraska",1.707964539527893,7.999999046325684
"434","31","Nebraska",1.734513282775879,8.300000190734863
"435","31","Nebraska",1.6969696283340454,6.899999618530273
"436","31","Nebraska",1.6363636255264282,7.0
"437","31","Nebraska",1.5727272033691406,6.299999237060547
"438","31","Nebraska",1.6822429895401,7.300000190734863
"439","31","Nebraska",1.6960784196853638,7.09999942779541
"440","31","Nebraska",1.6666666269302368,7.0
"441","31","Nebraska",1.6321839094161987,5.5
"442","31","Nebraska",1.6944444179534912,5.0
"443","31","Nebraska",1.7123286724090576,5.199999809265137
"444","31","Nebraska",1.6575342416763306,4.800000190734863
"445","31","Nebraska",1.6805557012557983,4.90000057220459
"446","31","Nebraska",1.8055555820465088,5.800000190734863
"447","31","Nebraska",1.6133333444595337,4.600000381469727
"448","31","Nebraska",1.6290323734283447,3.90000057220459
"449","32","Nevada",1.5179857015609741,7.200000762939453
"450","32","Nevada",1.595588207244873,8.100000381469727
"451","32","Nevada",1.3373494148254395,5.600000381469727
"452","32","Nevada",1.325714349746704,5.700000762939453
"453","32","Nevada",1.2751322984695435,5.200000762939453
"454","32","Nevada",1.3567252159118652,6.100000381469727
"455","32","Nevada",1.3407821655273438,6.100000381469727
"456","32","Nevada",1.3236994743347168,5.600000381469727
"457","32","Nevada",1.2419354915618896,3.0
"458","32","Nevada",1.355555534362793,3.1999998092651367
"459","32","Nevada",1.2650601863861084,2.1999998092651367
"460","32","Nevada",1.213483214378357,1.9000005722045898
"461","32","Nevada",1.3294117450714111,2.8000001907348633
"462","32","Nevada",1.1428570747375488,1.2999992370605469
"463","32","Nevada",1.3157894611358643,3.0
"464","32","Nevada",1.3152174949645996,2.90000057220459
"465","33","New Hampshire",1.6842106580734253,7.80000114440918
"466","33","New Hampshire",1.6396396160125732,7.100000381469727
"467","33","New Hampshire",1.284482717514038,3.299999237060547
"468","33","New Hampshire",1.4159291982650757,4.699999809265137
"469","33","New Hampshire",1.430894374847412,5.300000190734863
"470","33","New Hampshire",1.5128206014633179,6.000000953674316
"471","33","New Hampshire",1.5294119119644165,6.30000114440918
"472","33","New Hampshire",1.429751992225647,5.19999885559082
"473","33","New Hampshire",1.4077669382095337,4.199999809265137
"474","33","New Hampshire",1.4583333730697632,3.3000001907348633
"475","33","New Hampshire",1.4029850959777832,2.6999998092651367
"476","33","New Hampshire",1.484375,3.0999999046325684
"477","33","New Hampshire",1.4461537599563599,2.8999996185302734
"478","33","New Hampshire",1.408450722694397,2.9000000953674316
"479","33","New Hampshire",1.5138888359069824,3.6999998092651367
"480","33","New Hampshire",1.3793102502822876,2.1999998092651367
"481","34","New Jersey",2.009174346923828,11.0
"482","34","New Jersey",1.9333332777023315,9.799999237060547
"483","34","New Jersey",1.7790696620941162,6.699999809265137
"484","34","New Jersey",1.813186764717102,7.399999618530273
"485","34","New Jersey",1.7500001192092896,6.90000057220459
"486","34","New Jersey",1.8241758346557617,7.5
"487","34","New Jersey",1.875,7.699999809265137
"488","34","New Jersey",1.808510661125183,7.600000381469727
"489","34","New Jersey",1.8266665935516357,6.199999809265137
"490","34","New Jersey",1.8571428060531616,4.799999713897705
"491","34","New Jersey",1.8749998807907104,4.199999809265137
"492","34","New Jersey",1.8775509595870972,4.299999713897705
"493","34","New Jersey",1.8399999141693115,4.199999809265137
"494","34","New Jersey",1.9230769872665405,4.800000190734863
"495","34","New Jersey",1.8958333730697632,4.300000190734863
"496","34","New Jersey",1.9090907573699951,3.999999523162842
"497","35","New Mexico",1.4969325065612793,8.100000381469727
"498","35","New Mexico",1.5,8.299999237060547
"499","35","New Mexico",1.3918919563293457,5.800000190734863
"500","35","New Mexico",1.3333333730697632,5.0
"501","35","New Mexico",1.5479451417922974,8.0
"502","35","New Mexico",1.4344826936721802,6.299999237060547
"503","35","New Mexico",1.377622365951538,5.40000057220459
"504","35","New Mexico",1.4927536249160767,6.800000190734863
"505","35","New Mexico",1.4811320304870605,5.09999942779541
"506","35","New Mexico",1.388235330581665,3.3000001907348633
"507","35","New Mexico",1.5161290168762207,3.1999998092651367
"508","35","New Mexico",1.348484754562378,2.299999713897705
"509","35","New Mexico",1.6307692527770996,4.100000381469727
"510","35","New Mexico",1.3815789222717285,2.9000000953674316
"511","35","New Mexico",1.4520548582077026,3.3000001907348633
"512","35","New Mexico",1.5522388219833374,3.6999998092651367
"513","36","New York",1.7431193590164185,8.100000381469727
"514","36","New York",1.7075471878051758,7.5
"515","36","New York",1.7011494636535645,6.100000381469727
"516","36","New York",1.6222223043441772,5.600000381469727
"517","36","New York",1.64130437374115,5.90000057220459
"518","36","New York",1.6744184494018555,5.799999237060547
"519","36","New York",1.6341463327407837,5.199999809265137
"520","36","New York",1.5662649869918823,4.699999809265137
"521","36","New York",1.6307692527770996,4.100000381469727
"522","36","New York",1.6923078298568726,3.6000003814697266
"523","36","New York",1.644444465637207,2.9000000953674316
"524","36","New York",1.6666667461395264,2.8000001907348633
"525","36","New York",1.585365891456604,2.4000000953674316
"526","36","New York",1.600000023841858,2.4000000953674316
"527","36","New York",1.658536672592163,2.700000286102295
"528","36","New York",1.649999976158142,2.5999999046325684
"529","37","North Carolina",1.7007298469543457,9.59999942779541
"530","37","North Carolina",1.6715328693389893,9.199999809265137
"531","37","North Carolina",1.3455880880355835,4.69999885559082
"532","37","North Carolina",1.4499999284744263,6.299999237060547
"533","37","North Carolina",1.4324324131011963,6.40000057220459
"534","37","North Carolina",1.4137930870056152,6.0
"535","37","North Carolina",1.4189188480377197,6.199999809265137
"536","37","North Carolina",1.4642857313156128,6.5
"537","37","North Carolina",1.3613446950912476,4.30000114440918
"538","37","North Carolina",1.3571428060531616,3.5
"539","37","North Carolina",1.3548387289047241,3.3000001907348633
"540","37","North Carolina",1.3061224222183228,3.0
"541","37","North Carolina",1.2599999904632568,2.6000003814697266
"542","37","North Carolina",1.3076924085617065,3.200000762939453
"543","37","North Carolina",1.3399999141693115,3.3999996185302734
"544","37","North Carolina",1.3404256105422974,3.200000762939453
"545","38","North Dakota",1.8303571939468384,9.300000190734863
"546","38","North Dakota",1.8000000715255737,9.600000381469727
"547","38","North Dakota",1.586538553237915,6.100000381469727
"548","38","North Dakota",1.7450979948043823,7.59999942779541
"549","38","North Dakota",1.8712869882583618,8.799999237060547
"550","38","North Dakota",1.8019802570343018,8.100000381469727
"551","38","North Dakota",1.8380951881408691,8.799999237060547
"552","38","North Dakota",1.8773584365844727,9.299999237060547
"553","38","North Dakota",1.8846153020858765,6.899999618530273
"554","38","North Dakota",1.8194445371627808,5.90000057220459
"555","38","North Dakota",1.9677419662475586,6.0
"556","38","North Dakota",1.9285714626312256,6.5
"557","38","North Dakota",1.8088234663009644,5.5
"558","38","North Dakota",1.9661017656326294,5.700000286102295
"559","38","North Dakota",1.6478873491287231,4.599999904632568
"560","38","North Dakota",1.8421052694320679,6.400000095367432
"561","39","Ohio",1.5963302850723267,6.5
"562","39","Ohio",1.5660377740859985,6.0
"563","39","Ohio",1.5338983535766602,6.300000190734863
"564","39","Ohio",1.453125,5.800000190734863
"565","39","Ohio",1.371212124824524,4.90000057220459
"566","39","Ohio",1.4173228740692139,5.300000190734863
"567","39","Ohio",1.4796748161315918,5.90000057220459
"568","39","Ohio",1.3333333730697632,4.0
"569","39","Ohio",1.3666666746139526,3.3000001907348633
"570","39","Ohio",1.3285714387893677,2.3000001907348633
"571","39","Ohio",1.3000000715255737,1.8000001907348633
"572","39","Ohio",1.2615383863449097,1.6999998092651367
"573","39","Ohio",1.362318754196167,2.499999523162842
"574","39","Ohio",1.25,1.8000001907348633
"575","39","Ohio",1.3424657583236694,2.5
"576","39","Ohio",1.3239436149597168,2.299999713897705
"577","40","Oklahoma",1.414772629737854,7.299999237060547
"578","40","Oklahoma",1.5,8.0
"579","40","Oklahoma",1.2265193462371826,4.100000381469727
"580","40","Oklahoma",1.2799999713897705,4.899999618530273
"581","40","Oklahoma",1.2817679643630981,5.100000381469727
"582","40","Oklahoma",1.344632625579834,6.099998474121094
"583","40","Oklahoma",1.2923976182937622,5.0
"584","40","Oklahoma",1.3696969747543335,6.100000381469727
"585","40","Oklahoma",1.3669065237045288,5.100000381469727
"586","40","Oklahoma",1.5041322708129883,6.100000381469727
"587","40","Oklahoma",1.399999976158142,4.799999237060547
"588","40","Oklahoma",1.286821722984314,3.700000762939453
"589","40","Oklahoma",1.3307691812515259,4.299999237060547
"590","40","Oklahoma",1.23308265209198,3.09999942779541
"591","40","Oklahoma",1.312925100326538,4.59999942779541
"592","40","Oklahoma",1.286821722984314,3.700000762939453
"593","41","Oregon",1.5031847953796387,7.90000057220459
"594","41","Oregon",1.5294116735458374,8.09999942779541
"595","41","Oregon",1.1493507623672485,2.3000011444091797
"596","41","Oregon",1.1999999284744263,3.3999996185302734
"597","41","Oregon",1.25,4.299999237060547
"598","41","Oregon",1.2774193286895752,4.299999237060547
"599","41","Oregon",1.215686321258545,3.3000001907348633
"600","41","Oregon",1.2133333683013916,3.200000762939453
"601","41","Oregon",1.25,2.3999996185302734
"602","41","Oregon",1.2985074520111084,2.0
"603","41","Oregon",1.2033897638320923,1.1999998092651367
"604","41","Oregon",1.2615383863449097,1.6999998092651367
"605","41","Oregon",1.3880597352981567,2.6000003814697266
"606","41","Oregon",1.2142857313156128,1.5
"607","41","Oregon",1.1764705181121826,1.1999998092651367
"608","41","Oregon",1.25,1.5
"609","42","Pennsylvania",1.6565656661987305,6.5
"610","42","Pennsylvania",1.59375,5.699999809265137
"611","42","Pennsylvania",1.6593406200408936,6.0
"612","42","Pennsylvania",1.603960394859314,6.100000381469727
"613","42","Pennsylvania",1.5480769872665405,5.700000762939453
"614","42","Pennsylvania",1.461538553237915,4.800000190734863
"615","42","Pennsylvania",1.5499999523162842,5.5
"616","42","Pennsylvania",1.5816326141357422,5.699999809265137
"617","42","Pennsylvania",1.5882352590560913,5.0
"618","42","Pennsylvania",1.578125,3.700000286102295
"619","42","Pennsylvania",1.3859649896621704,2.200000286102295
"620","42","Pennsylvania",1.2982456684112549,1.700000286102295
"621","42","Pennsylvania",1.3103448152542114,1.799999713897705
"622","42","Pennsylvania",1.2295081615447998,1.4000000953674316
"623","42","Pennsylvania",1.3432836532592773,2.3000001907348633
"624","42","Pennsylvania",1.263157844543457,1.5
"625","44","Rhode Island",1.6421053409576416,6.100000381469727
"626","44","Rhode Island",1.6739130020141602,6.199999809265137
"627","44","Rhode Island",1.5824174880981445,5.299999237060547
"628","44","Rhode Island",1.6176470518112183,6.300000190734863
"629","44","Rhode Island",1.5794392824172974,6.199999809265137
"630","44","Rhode Island",1.5858585834503174,5.800000190734863
"631","44","Rhode Island",1.7157894372940063,6.799999237060547
"632","44","Rhode Island",1.653846263885498,6.80000114440918
"633","44","Rhode Island",1.6129032373428345,3.8000001907348633
"634","44","Rhode Island",1.6304348707199097,2.9000000953674316
"635","44","Rhode Island",1.5428571701049805,1.9000000953674316
"636","44","Rhode Island",1.6111111640930176,2.200000286102295
"637","44","Rhode Island",1.470588207244873,1.5999999046325684
"638","44","Rhode Island",1.5428571701049805,1.9000000953674316
"639","44","Rhode Island",1.5757575035095215,1.8999998569488525
"640","44","Rhode Island",1.3333333730697632,1.200000286102295
"641","45","South Carolina",1.548387050628662,8.5
"642","45","South Carolina",1.5655173063278198,8.200000762939453
"643","45","South Carolina",1.3836477994918823,6.100000381469727
"644","45","South Carolina",1.4339622259140015,6.899999618530273
"645","45","South Carolina",1.3892215490341187,6.5
"646","45","South Carolina",1.3540371656417847,5.69999885559082
"647","45","South Carolina",1.325301170349121,5.399999618530273
"648","45","South Carolina",1.3333332538604736,5.19999885559082
"649","45","South Carolina",1.3283581733703613,4.399999618530273
"650","45","South Carolina",1.2363636493682861,2.6000003814697266
"651","45","South Carolina",1.2156862020492554,2.1999998092651367
"652","45","South Carolina",1.3027523756027222,3.3000001907348633
"653","45","South Carolina",1.301886796951294,3.1999998092651367
"654","45","South Carolina",1.2432432174682617,2.6999998092651367
"655","45","South Carolina",1.314814805984497,3.3999996185302734
"656","45","South Carolina",1.2673267126083374,2.6999998092651367
"657","46","South Dakota",1.67241370677948,7.799999237060547
"658","46","South Dakota",1.7310925722122192,8.700000762939453
"659","46","South Dakota",1.672897219657898,7.199999809265137
"660","46","South Dakota",1.5476189851760864,6.899999618530273
"661","46","South Dakota",1.8230088949203491,9.300000190734863
"662","46","South Dakota",1.8333333730697632,9.5
"663","46","South Dakota",1.7017544507980347,8.0
"664","46","South Dakota",1.6952379941940308,7.299999237060547
"665","46","South Dakota",1.72826087474823,6.699999809265137
"666","46","South Dakota",2.011111259460449,9.100000381469727
"667","46","South Dakota",1.837499976158142,6.699999809265137
"668","46","South Dakota",1.8536585569381714,7.0
"669","46","South Dakota",1.793103575706482,6.90000057220459
"670","46","South Dakota",1.8617022037506104,8.100000381469727
"671","46","South Dakota",1.600000023841858,5.699999809265137
"672","46","South Dakota",1.8965517282485962,7.800000190734863
"673","47","Tennessee",1.452554702758789,6.199999809265137
"674","47","Tennessee",1.4285714626312256,6.0
"675","47","Tennessee",1.2945737838745117,3.8000011444091797
"676","47","Tennessee",1.3309859037399292,4.699999809265137
"677","47","Tennessee",1.3216782808303833,4.59999942779541
"678","47","Tennessee",1.3265305757522583,4.800000190734863
"679","47","Tennessee",1.2676056623458862,3.8000001907348633
"680","47","Tennessee",1.283687949180603,4.0
"681","47","Tennessee",1.2377049922943115,2.90000057220459
"682","47","Tennessee",1.3663365840911865,3.6999998092651367
"683","47","Tennessee",1.3033708333969116,2.700000762939453
"684","47","Tennessee",1.247422695159912,2.40000057220459
"685","47","Tennessee",1.3235294818878174,3.3000001907348633
"686","47","Tennessee",1.2772276401519775,2.799999237060547
"687","47","Tennessee",1.3980581760406494,4.09999942779541
"688","47","Tennessee",1.2999999523162842,3.0
"689","48","Texas",1.5950920581817627,9.700000762939453
"690","48","Texas",1.6163523197174072,9.80000114440918
"691","48","Texas",1.4870129823684692,7.5
"692","48","Texas",1.4567900896072388,7.399999618530273
"693","48","Texas",1.4207316637039185,6.899999618530273
"694","48","Texas",1.3975155353546143,6.399999618530273
"695","48","Texas",1.4012738466262817,6.300000190734863
"696","48","Texas",1.4183006286621094,6.40000057220459
"697","48","Texas",1.3720930814743042,4.80000114440918
"698","48","Texas",1.446428656578064,5.000000953674316
"699","48","Texas",1.351351261138916,3.8999996185302734
"700","48","Texas",1.381355881690979,4.499999046325684
"701","48","Texas",1.3360000848770142,4.200000762939453
"702","48","Texas",1.2558140754699707,3.3000011444091797
"703","48","Texas",1.451612949371338,5.600000381469727
"704","48","Texas",1.4016393423080444,4.90000057220459
"705","49","Utah",1.6742424964904785,8.90000057220459
"706","49","Utah",1.5760000944137573,7.200000762939453
"707","49","Utah",1.762295126914978,9.300000190734863
"708","49","Utah",1.5161290168762207,6.399999618530273
"709","49","Utah",1.5538462400436401,7.200000762939453
"710","49","Utah",1.5703125,7.300000190734863
"711","49","Utah",1.6525423526763916,7.699999809265137
"712","49","Utah",1.572649598121643,6.699999809265137
"713","49","Utah",1.567307710647583,5.899999618530273
"714","49","Utah",1.6785715818405151,5.700000762939453
"715","49","Utah",1.5492957830429077,3.9000000953674316
"716","49","Utah",1.4861111640930176,3.5
"717","49","Utah",1.851351261138916,6.299999713897705
"718","49","Utah",1.7564102411270142,5.899999618530273
"719","49","Utah",1.8055555820465088,5.800000190734863
"720","49","Utah",1.8591549396514893,6.099999904632568
"721","50","Vermont",1.5967742204666138,7.399999618530273
"722","50","Vermont",1.4495413303375244,4.90000057220459
"723","50","Vermont",1.1818182468414307,1.8000001907348633
"724","50","Vermont",1.2079206705093384,2.09999942779541
"725","50","Vermont",1.2340426445007324,2.200000762939453
"726","50","Vermont",1.4605263471603394,3.500000476837158
"727","50","Vermont",1.4533332586288452,3.3999996185302734
"728","50","Vermont",1.4216867685317993,3.5
"729","50","Vermont",1.3620688915252686,2.0999999046325684
"730","50","Vermont",1.3636363744735718,1.5999999046325684
"731","50","Vermont",1.4090908765792847,1.799999713897705
"732","50","Vermont",1.264150857925415,1.3999996185302734
"733","50","Vermont",1.43478262424469,2.0
"734","50","Vermont",1.5094338655471802,2.6999998092651367
"735","50","Vermont",1.4680851697921753,2.200000286102295
"736","50","Vermont",1.2272727489471436,1.0
"737","51","Virginia",1.6495726108551025,7.59999942779541
"738","51","Virginia",1.6578947305679321,7.5
"739","51","Virginia",1.6632652282714844,6.499999046325684
"740","51","Virginia",1.7171717882156372,7.100000381469727
"741","51","Virginia",1.6944442987442017,7.499999046325684
"742","51","Virginia",1.6857143640518188,7.200000762939453
"743","51","Virginia",1.6226415634155273,6.600000381469727
"744","51","Virginia",1.5754717588424683,6.100000381469727
"745","51","Virginia",1.6593406200408936,6.0
"746","51","Virginia",1.5844155550003052,4.5
"747","51","Virginia",1.5068492889404297,3.6999998092651367
"748","51","Virginia",1.5263158082962036,4.000000476837158
"749","51","Virginia",1.5945945978164673,4.400000095367432
"750","51","Virginia",1.4179104566574097,2.8000001907348633
"751","51","Virginia",1.573770523071289,3.500000476837158
"752","51","Virginia",1.3928571939468384,2.200000286102295
"753","53","Washington",1.60869562625885,7.0
"754","53","Washington",1.6571428775787354,6.899999618530273
"755","53","Washington",1.4690265655517578,5.300000190734863
"756","53","Washington",1.4047619104385376,5.100000381469727
"757","53","Washington",1.371212124824524,4.90000057220459
"758","53","Washington",1.4846153259277344,6.299999237060547
"759","53","Washington",1.423076868057251,5.5
"760","53","Washington",1.423076868057251,5.5
"761","53","Washington",1.2891565561294556,2.3999996185302734
"762","53","Washington",1.4909090995788574,2.6999998092651367
"763","53","Washington",1.428571343421936,2.0999999046325684
"764","53","Washington",1.442307710647583,2.3000001907348633
"765","53","Washington",1.5636364221572876,3.1000003814697266
"766","53","Washington",1.5535714626312256,3.0999999046325684
"767","53","Washington",1.5087720155715942,2.90000057220459
"768","53","Washington",1.5636364221572876,3.1000003814697266
"769","54","West Virginia",1.299435019493103,5.299999237060547
"770","54","West Virginia",1.3518518209457397,5.69999885559082
"771","54","West Virginia",1.1104650497436523,1.8999996185302734
"772","54","West Virginia",1.1646342277526855,2.700000762939453
"773","54","West Virginia",1.175438642501831,3.0
"774","54","West Virginia",1.2937852144241333,5.19999885559082
"775","54","West Virginia",1.1849710941314697,3.200000762939453
"776","54","West Virginia",1.234939694404602,3.8999996185302734
"777","54","West Virginia",1.2647058963775635,2.6999998092651367
"778","54","West Virginia",1.3428571224212646,2.3999996185302734
"779","54","West Virginia",1.3548387289047241,2.1999998092651367
"780","54","West Virginia",1.3472222089767456,2.5
"781","54","West Virginia",1.3600000143051147,2.6999998092651367
"782","54","West Virginia",1.2025315761566162,1.5999999046325684
"783","54","West Virginia",1.320987582206726,2.59999942779541
"784","54","West Virginia",1.1200000047683716,0.8999996185302734
"785","55","Wisconsin",1.7469879388809204,6.199999809265137
"786","55","Wisconsin",1.8024691343307495,6.5
"787","55","Wisconsin",1.6705882549285889,5.699999809265137
"788","55","Wisconsin",1.5555555820465088,5.0
"789","55","Wisconsin",1.7191011905670166,6.40000057220459
"790","55","Wisconsin",1.7294117212295532,6.199999809265137
"791","55","Wisconsin",1.7647058963775635,6.5
"792","55","Wisconsin",1.6931817531585693,6.09999942779541
"793","55","Wisconsin",1.7536232471466064,5.200000286102295
"794","55","Wisconsin",1.7307692766189575,3.8000001907348633
"795","55","Wisconsin",1.6399999856948853,3.1999998092651367
"796","55","Wisconsin",1.5686274766921997,2.9000000953674316
"797","55","Wisconsin",1.596153974533081,3.1000003814697266
"798","55","Wisconsin",1.6603773832321167,3.5
"799","55","Wisconsin",1.4912281036376953,2.8000001907348633
"800","55","Wisconsin",1.576923131942749,3.0
"801","56","Wyoming",1.4013606309890747,5.90000057220459
"802","56","Wyoming",1.4244604110717773,5.899999618530273
"803","56","Wyoming",1.283687949180603,4.0
"804","56","Wyoming",1.2810457944869995,4.300000190734863
"805","56","Wyoming",1.5259740352630615,8.100000381469727
"806","56","Wyoming",1.5526316165924072,8.40000057220459
"807","56","Wyoming",1.6333333253860474,9.5
"808","56","Wyoming",1.5579710006713867,7.699999809265137
"809","56","Wyoming",1.451612949371338,5.600000381469727
"810","56","Wyoming",1.6017699241638184,6.800000190734863
"811","56","Wyoming",1.5263158082962036,6.0
"812","56","Wyoming",1.4666666984558105,5.600000381469727
"813","56","Wyoming",1.4814814329147339,5.199999809265137
"814","56","Wyoming",1.451612949371338,5.600000381469727
"815","56","Wyoming",1.5327869653701782,6.500000953674316
"816","56","Wyoming",1.5,6.5
